CustomerID,Age,Gender,Occupation,AnnualIncome,ProductCategory,PurchaseAmount,Purchased
1,56,Male,Student,165298,Electronics,115,1
2,46,Male,Student,179803,Home,878,1
3,32,Female,Artist,129458,Sports,433,0
4,25,Female,Student,130384,Sports,254,0
5,38,Male,Teacher,88926,Sports,917,0
6,56,Female,Teacher,157069,Clothing,81,1
7,36,Male,Teacher,75506,Electronics,275,0
8,40,Male,Artist,98229,Home,580,1
9,28,Male,Artist,62092,Clothing,924,1
10,28,Male,Student,82539,Groceries,367,1
11,41,Female,Engineer,172889,Home,690,0
12,53,Female,Engineer,188933,Books,143,0
13,57,Female,Artist,33428,Home,501,1
14,41,Male,Student,195006,Home,336,1
15,20,Male,Engineer,161330,Sports,523,0
16,39,Male,Student,77775,Home,738,1
17,19,Female,Student,25469,Books,67,1
18,41,Male,Student,48854,Books,428,0
19,47,Female,Lawyer,157328,Electronics,951,0
20,55,Female,Teacher,96256,Home,155,1
21,19,Female,Student,185009,Sports,220,1
22,38,Female,Lawyer,119134,Home,269,0
23,50,Female,Artist,152723,Groceries,333,1
24,29,Female,Engineer,104730,Groceries,888,1
25,39,Male,Teacher,176123,Sports,387,0
26,42,Male,Engineer,47386,Electronics,448,1
27,44,Female,Teacher,167256,Electronics,849,1
28,59,Female,Engineer,53787,Books,826,0
29,45,Male,Teacher,41621,Books,499,0
30,33,Female,Engineer,97984,Clothing,333,1
31,32,Female,Engineer,196325,Sports,519,1
32,20,Male,Engineer,54051,Home,740,1
33,54,Female,Engineer,69811,Sports,374,1
34,24,Female,Artist,50447,Clothing,504,1
35,38,Female,Student,148046,Books,230,1
36,26,Male,Doctor,181326,Sports,723,1
37,56,Male,Lawyer,104045,Sports,63,0
38,35,Male,Doctor,136859,Books,560,0
39,21,Female,Doctor,165544,Clothing,590,0
40,42,Female,Teacher,23471,Books,602,1
41,31,Male,Student,140312,Electronics,111,0
42,26,Female,Teacher,159401,Home,284,1
43,43,Female,Student,185937,Books,914,0
44,19,Female,Student,66850,Clothing,239,0
45,37,Female,Engineer,74220,Groceries,921,1
46,45,Female,Artist,113808,Electronics,944,1
47,24,Male,Engineer,157469,Groceries,461,0
48,25,Female,Artist,186597,Books,420,0
49,52,Male,Teacher,73072,Electronics,419,1
50,31,Female,Artist,103820,Home,746,0
51,34,Male,Teacher,43284,Books,918,0
52,53,Female,Doctor,103369,Home,808,1
53,57,Male,Doctor,45122,Sports,595,0
54,21,Female,Artist,150349,Groceries,877,1
55,19,Male,Artist,90553,Electronics,823,1
56,23,Female,Teacher,114788,Home,509,0
57,59,Male,Engineer,82812,Clothing,504,0
58,21,Female,Teacher,27999,Home,776,0
59,46,Male,Engineer,42436,Clothing,489,0
60,35,Male,Doctor,62963,Books,593,0
61,43,Female,Student,153168,Electronics,957,1
62,51,Female,Artist,176351,Home,863,1
63,27,Male,Engineer,128899,Home,701,1
64,53,Female,Teacher,46201,Electronics,464,1
65,31,Male,Doctor,170787,Home,288,1
66,48,Male,Engineer,180381,Clothing,286,0
67,32,Male,Teacher,166150,Home,73,1
68,25,Female,Artist,25105,Groceries,547,0
69,31,Male,Artist,137666,Books,539,0
70,40,Male,Lawyer,114848,Sports,635,1
71,57,Female,Student,22839,Clothing,78,1
72,38,Female,Lawyer,88920,Groceries,844,1
73,33,Female,Doctor,63619,Books,59,0
74,35,Female,Engineer,62821,Electronics,256,1
75,41,Male,Doctor,145736,Clothing,974,0
76,43,Male,Teacher,164565,Sports,405,1
77,42,Male,Artist,37069,Books,625,0
78,58,Male,Lawyer,27531,Sports,753,1
79,46,Female,Lawyer,188123,Electronics,735,1
80,32,Male,Lawyer,158808,Electronics,669,1
81,18,Male,Doctor,158782,Clothing,319,1
82,42,Female,Artist,87155,Home,414,1
83,24,Male,Engineer,165047,Electronics,226,0
84,26,Male,Teacher,82424,Books,355,0
85,41,Male,Engineer,65603,Home,612,0
86,18,Male,Doctor,174324,Groceries,749,1
87,25,Male,Teacher,152503,Sports,533,1
88,41,Male,Lawyer,188553,Home,197,1
89,28,Female,Student,112573,Sports,415,0
90,34,Female,Doctor,160629,Home,390,1
91,25,Male,Doctor,123302,Groceries,877,1
92,52,Male,Artist,151234,Electronics,810,1
93,52,Female,Engineer,185814,Groceries,677,1
94,50,Male,Doctor,39675,Electronics,337,1
95,22,Male,Doctor,93997,Electronics,755,0
96,59,Male,Lawyer,168087,Sports,388,1
97,56,Female,Lawyer,183663,Books,403,1
98,58,Male,Teacher,160905,Groceries,81,0
99,45,Female,Student,27896,Home,825,0
100,24,Male,Artist,184044,Groceries,524,0
101,26,Female,Student,69733,Sports,258,1
102,25,Female,Teacher,61800,Electronics,214,1
103,29,Male,Lawyer,116044,Sports,697,1
104,51,Female,Engineer,25347,Clothing,982,1
105,50,Male,Lawyer,153715,Clothing,241,1
106,40,Female,Artist,60785,Home,80,0
107,41,Male,Lawyer,38681,Sports,148,1
108,54,Male,Artist,123864,Home,704,1
109,52,Female,Artist,166964,Home,175,1
110,57,Male,Artist,67299,Clothing,936,1
111,39,Male,Teacher,37073,Home,397,1
112,44,Female,Artist,122304,Clothing,641,0
113,52,Male,Artist,50682,Electronics,800,1
114,18,Male,Engineer,144302,Sports,942,0
115,52,Female,Student,165361,Home,887,0
116,54,Female,Doctor,135359,Clothing,922,0
117,31,Male,Student,158999,Groceries,809,0
118,20,Male,Artist,199402,Home,605,0
119,18,Female,Engineer,86707,Books,456,1
120,22,Female,Lawyer,85428,Electronics,994,1
121,43,Male,Engineer,70601,Electronics,226,0
122,31,Female,Artist,153611,Groceries,407,0
123,56,Male,Engineer,131487,Clothing,499,0
124,44,Male,Engineer,173741,Home,810,0
125,26,Male,Artist,171716,Clothing,906,0
126,32,Male,Teacher,169817,Electronics,857,1
127,32,Male,Engineer,48228,Clothing,359,0
128,43,Female,Doctor,185593,Electronics,888,1
129,59,Female,Doctor,142788,Clothing,359,0
130,30,Female,Engineer,117239,Groceries,223,1
131,49,Female,Teacher,46928,Sports,180,1
132,56,Male,Lawyer,38322,Groceries,559,1
133,49,Male,Artist,107896,Groceries,411,1
134,21,Male,Doctor,82292,Sports,788,0
135,47,Male,Lawyer,49055,Sports,696,0
136,54,Female,Engineer,62891,Home,594,1
137,40,Male,Lawyer,101912,Home,553,1
138,56,Male,Student,157660,Groceries,89,1
139,32,Female,Doctor,110536,Groceries,912,0
140,46,Female,Engineer,26304,Electronics,424,0
141,53,Female,Artist,27345,Electronics,627,1
142,30,Female,Teacher,180372,Home,694,1
143,49,Male,Engineer,175331,Books,610,1
144,24,Male,Artist,111006,Books,536,0
145,39,Female,Teacher,166424,Home,847,1
146,45,Male,Teacher,149350,Electronics,139,0
147,19,Male,Engineer,184437,Electronics,833,0
148,59,Male,Lawyer,39446,Books,709,1
149,23,Female,Lawyer,22336,Clothing,707,0
150,45,Male,Teacher,82032,Clothing,921,0
151,45,Female,Lawyer,117852,Electronics,236,0
152,37,Male,Student,158593,Clothing,75,0
153,47,Male,Teacher,174553,Sports,385,0
154,28,Male,Teacher,38474,Home,718,0
155,45,Female,Artist,197832,Home,523,0
156,42,Male,Lawyer,75718,Electronics,763,0
157,56,Female,Teacher,64629,Groceries,786,1
158,50,Female,Student,65232,Books,944,0
159,18,Female,Artist,106544,Electronics,474,0
160,44,Male,Engineer,70669,Clothing,123,0
161,30,Male,Teacher,89184,Books,96,1
162,58,Male,Student,199017,Groceries,249,1
163,20,Male,Doctor,33140,Clothing,933,1
164,56,Female,Student,146468,Sports,277,1
165,23,Female,Student,103457,Clothing,283,1
166,25,Female,Artist,34357,Sports,350,1
167,44,Male,Engineer,131672,Books,201,1
168,26,Female,Doctor,88673,Sports,912,0
169,54,Male,Lawyer,141673,Books,787,0
170,50,Female,Lawyer,85633,Books,569,0
171,59,Male,Student,116111,Books,707,1
172,41,Male,Artist,98258,Books,46,1
173,32,Female,Artist,163996,Books,295,1
174,49,Female,Lawyer,89286,Clothing,671,0
175,49,Female,Doctor,113269,Books,318,1
176,41,Female,Engineer,94071,Clothing,976,0
177,58,Male,Doctor,50651,Books,818,0
178,29,Female,Teacher,90202,Sports,110,1
179,56,Female,Teacher,68777,Books,499,1
180,19,Female,Engineer,168066,Groceries,592,0
181,20,Male,Lawyer,87263,Books,477,1
182,54,Male,Engineer,120158,Books,470,0
183,34,Female,Artist,30800,Sports,384,1
184,19,Male,Teacher,57823,Home,878,0
185,19,Female,Student,83878,Sports,694,0
186,45,Male,Student,38708,Groceries,370,0
187,40,Male,Lawyer,163891,Home,674,0
188,54,Male,Artist,83870,Electronics,419,0
189,49,Male,Doctor,29283,Electronics,272,1
190,50,Female,Artist,181645,Groceries,800,1
191,18,Female,Student,98707,Sports,900,1
192,36,Female,Student,182005,Clothing,822,0
193,19,Male,Teacher,25774,Groceries,478,1
194,43,Female,Artist,162055,Home,718,0
195,49,Female,Artist,116468,Home,936,0
196,23,Female,Student,116334,Books,518,1
197,49,Male,Doctor,38133,Electronics,969,1
198,21,Male,Lawyer,166011,Home,990,0
199,28,Male,Lawyer,20781,Groceries,945,0
200,34,Female,Artist,134586,Home,527,1
201,55,Female,Lawyer,47624,Groceries,323,0
202,41,Female,Student,26823,Clothing,520,1
203,22,Male,Student,38489,Books,822,1
204,51,Male,Artist,191033,Electronics,617,0
205,23,Female,Artist,49118,Home,185,0
206,39,Male,Teacher,120417,Groceries,434,1
207,28,Male,Artist,101816,Sports,481,1
208,33,Male,Doctor,173335,Electronics,939,1
209,50,Male,Lawyer,33565,Clothing,133,1
210,26,Female,Artist,171426,Groceries,452,1
211,23,Male,Engineer,194023,Books,375,1
212,33,Male,Teacher,111179,Books,947,1
213,46,Male,Engineer,43648,Clothing,714,1
214,20,Male,Student,61971,Clothing,226,1
215,37,Female,Lawyer,38658,Books,787,1
216,53,Female,Artist,41253,Home,254,1
217,36,Male,Engineer,199635,Home,461,1
218,43,Male,Lawyer,177462,Groceries,374,0
219,20,Male,Student,108664,Sports,534,1
220,36,Male,Doctor,123850,Groceries,227,0
221,37,Male,Teacher,183730,Sports,728,0
222,49,Male,Lawyer,157924,Clothing,872,0
223,24,Female,Lawyer,153623,Electronics,144,1
224,58,Male,Doctor,91947,Groceries,157,1
225,50,Female,Lawyer,81001,Groceries,358,0
226,57,Female,Student,142775,Sports,556,1
227,56,Male,Student,53243,Clothing,87,1
228,35,Female,Doctor,172872,Clothing,592,0
229,57,Female,Teacher,95939,Sports,560,1
230,18,Female,Artist,77828,Clothing,402,1
231,28,Female,Engineer,158311,Books,38,1
232,45,Female,Artist,26710,Home,702,1
233,42,Female,Lawyer,172456,Books,469,1
234,40,Male,Engineer,172110,Electronics,93,0
235,48,Female,Doctor,191918,Groceries,592,0
236,47,Female,Doctor,57991,Electronics,958,0
237,59,Female,Teacher,158043,Groceries,684,1
238,52,Male,Engineer,180211,Home,295,0
239,24,Female,Student,105445,Clothing,67,0
240,33,Male,Engineer,100257,Books,230,1
241,43,Female,Lawyer,57711,Sports,874,1
242,19,Male,Student,26530,Books,939,1
243,18,Male,Doctor,31116,Home,670,0
244,29,Female,Engineer,85794,Electronics,641,0
245,22,Female,Artist,151354,Sports,714,1
246,54,Male,Teacher,152970,Clothing,559,0
247,49,Female,Artist,24135,Home,728,0
248,26,Male,Teacher,157701,Sports,210,1
249,58,Male,Lawyer,129472,Home,334,1
250,52,Male,Artist,145147,Home,920,0
251,36,Male,Engineer,109087,Clothing,582,1
252,33,Male,Engineer,53380,Groceries,680,1
253,20,Female,Artist,149951,Sports,799,0
254,37,Male,Engineer,37071,Clothing,581,1
255,41,Male,Lawyer,40074,Home,919,0
256,50,Female,Student,87843,Clothing,777,0
257,41,Male,Lawyer,59901,Groceries,132,1
258,28,Female,Teacher,31205,Books,189,0
259,25,Female,Lawyer,144661,Sports,487,1
260,53,Female,Teacher,25906,Groceries,697,0
261,55,Male,Engineer,153663,Electronics,940,1
262,57,Male,Student,145576,Sports,33,1
263,37,Male,Engineer,82987,Groceries,734,0
264,52,Female,Doctor,100685,Home,307,0
265,42,Male,Engineer,130454,Sports,926,1
266,52,Female,Teacher,125487,Sports,208,1
267,42,Male,Engineer,74400,Clothing,933,1
268,46,Female,Engineer,176222,Home,174,1
269,35,Male,Student,51852,Electronics,586,1
270,35,Male,Engineer,193942,Books,713,1
271,19,Male,Student,72756,Groceries,741,1
272,52,Female,Artist,135357,Clothing,907,1
273,33,Female,Doctor,139052,Groceries,490,1
274,58,Male,Student,76481,Electronics,94,1
275,53,Male,Teacher,21283,Electronics,296,1
276,50,Female,Artist,53691,Sports,959,1
277,21,Female,Student,152197,Electronics,664,1
278,50,Female,Student,46170,Groceries,362,0
279,31,Male,Doctor,28438,Home,444,0
280,38,Female,Teacher,40095,Home,590,1
281,37,Male,Lawyer,167226,Sports,530,1
282,25,Female,Lawyer,159076,Books,876,1
283,24,Male,Student,29752,Groceries,201,0
284,20,Female,Engineer,75426,Groceries,477,1
285,34,Female,Teacher,46819,Electronics,937,1
286,50,Female,Artist,112051,Groceries,870,0
287,29,Female,Engineer,175289,Clothing,852,1
288,39,Female,Engineer,52994,Books,83,1
289,39,Male,Teacher,166108,Electronics,858,1
290,47,Female,Student,117756,Clothing,279,1
291,55,Female,Student,160659,Sports,212,1
292,55,Female,Student,115665,Home,674,1
293,25,Male,Student,151717,Sports,635,0
294,44,Female,Lawyer,182002,Home,991,1
295,44,Male,Student,101835,Sports,425,1
296,51,Female,Lawyer,142232,Groceries,745,1
297,38,Female,Lawyer,181162,Clothing,773,0
298,47,Male,Student,177547,Home,962,1
299,50,Female,Doctor,169960,Electronics,740,0
300,45,Male,Artist,63732,Clothing,112,1
301,50,Male,Engineer,66305,Electronics,449,0
302,22,Female,Lawyer,197109,Clothing,673,0
303,36,Male,Teacher,29346,Clothing,453,1
304,21,Female,Teacher,20587,Sports,423,0
305,52,Female,Artist,32763,Home,453,1
306,34,Male,Teacher,89615,Home,131,1
307,45,Male,Doctor,187188,Clothing,948,1
308,47,Male,Teacher,140987,Groceries,394,0
309,46,Male,Engineer,111353,Groceries,78,0
310,23,Female,Engineer,115648,Electronics,62,1
311,52,Female,Lawyer,45556,Electronics,226,1
312,58,Male,Student,79042,Sports,799,1
313,54,Female,Doctor,38099,Clothing,315,1
314,41,Female,Lawyer,129089,Electronics,137,0
315,46,Female,Doctor,196168,Electronics,551,1
316,48,Female,Student,164302,Books,241,1
317,52,Male,Teacher,180081,Clothing,185,0
318,50,Male,Teacher,53866,Sports,662,0
319,38,Female,Student,125400,Electronics,175,1
320,49,Male,Lawyer,104246,Sports,203,0
321,40,Male,Student,96975,Home,109,0
322,50,Male,Artist,192927,Sports,113,1
323,20,Female,Engineer,101557,Groceries,32,0
324,35,Female,Lawyer,157488,Groceries,992,0
325,42,Female,Doctor,92516,Sports,853,1
326,59,Male,Artist,169130,Groceries,824,1
327,48,Female,Lawyer,191790,Home,964,1
328,20,Female,Student,52602,Clothing,761,1
329,57,Male,Student,178588,Groceries,853,1
330,41,Female,Student,149295,Groceries,823,1
331,49,Female,Student,107969,Sports,457,1
332,39,Male,Doctor,152161,Home,557,1
333,40,Male,Artist,188418,Clothing,606,1
334,19,Male,Teacher,161559,Sports,987,0
335,44,Female,Engineer,20155,Sports,895,1
336,59,Female,Doctor,143950,Books,955,1
337,19,Female,Doctor,87494,Home,830,0
338,43,Male,Teacher,96229,Clothing,169,0
339,34,Male,Teacher,124648,Home,679,1
340,57,Female,Engineer,58547,Clothing,27,1
341,50,Female,Engineer,48795,Home,48,1
342,26,Male,Teacher,41447,Sports,315,0
343,56,Male,Student,187670,Sports,945,0
344,46,Male,Doctor,192886,Electronics,740,1
345,59,Male,Lawyer,107960,Groceries,659,1
346,43,Female,Engineer,83278,Books,359,0
347,52,Male,Engineer,75077,Home,647,1
348,42,Female,Teacher,132782,Books,458,0
349,41,Female,Artist,122932,Electronics,163,1
350,30,Female,Lawyer,160600,Groceries,961,1
351,24,Male,Lawyer,129869,Home,849,1
352,53,Male,Engineer,159251,Clothing,766,1
353,37,Male,Student,68781,Groceries,538,1
354,18,Male,Artist,175024,Sports,995,1
355,25,Female,Lawyer,73798,Electronics,64,1
356,33,Male,Engineer,118696,Groceries,974,0
357,31,Male,Lawyer,70939,Groceries,258,1
358,29,Female,Artist,49516,Sports,971,0
359,40,Male,Artist,161521,Home,963,1
360,32,Female,Doctor,70290,Clothing,174,1
361,45,Female,Teacher,146688,Sports,200,1
362,51,Female,Teacher,106661,Clothing,234,0
363,19,Female,Engineer,92954,Home,107,1
364,49,Female,Artist,42746,Groceries,275,1
365,40,Female,Doctor,87990,Clothing,530,1
366,39,Female,Doctor,78810,Electronics,92,0
367,42,Female,Lawyer,138362,Electronics,950,1
368,39,Male,Lawyer,166295,Sports,198,1
369,39,Male,Doctor,153669,Home,231,0
370,59,Male,Lawyer,22659,Sports,824,0
371,23,Male,Artist,106516,Sports,253,1
372,32,Female,Student,94567,Books,484,1
373,54,Male,Artist,35037,Sports,770,0
374,50,Female,Doctor,146498,Books,242,0
375,25,Male,Doctor,197810,Electronics,650,0
376,22,Male,Artist,32109,Electronics,844,1
377,56,Male,Lawyer,42010,Sports,283,1
378,21,Female,Lawyer,28787,Electronics,226,1
379,23,Male,Teacher,159544,Home,626,1
380,49,Female,Doctor,174455,Books,904,1
381,47,Female,Engineer,81709,Books,753,0
382,52,Male,Teacher,54518,Sports,385,0
383,57,Male,Lawyer,73909,Electronics,295,0
384,33,Male,Artist,38351,Clothing,399,1
385,30,Female,Lawyer,35282,Books,762,1
386,59,Male,Artist,172850,Sports,328,0
387,47,Female,Teacher,175336,Sports,650,1
388,36,Female,Doctor,25075,Home,287,1
389,34,Male,Lawyer,199526,Groceries,964,1
390,36,Male,Artist,48365,Groceries,804,0
391,45,Female,Doctor,199272,Books,83,1
392,43,Female,Engineer,31002,Home,829,1
393,54,Female,Artist,33947,Home,369,0
394,43,Male,Teacher,114840,Home,944,1
395,40,Female,Engineer,136219,Books,934,0
396,26,Male,Engineer,98610,Groceries,513,1
397,29,Female,Student,72142,Home,542,1
398,18,Female,Lawyer,76307,Electronics,117,1
399,18,Male,Artist,155565,Sports,965,1
400,51,Female,Engineer,70085,Sports,90,0
401,49,Male,Student,54228,Clothing,383,1
402,42,Male,Teacher,182727,Clothing,589,1
403,57,Female,Doctor,63472,Books,821,1
404,18,Male,Artist,69437,Books,782,1
405,33,Male,Engineer,79711,Sports,295,1
406,56,Female,Lawyer,157888,Electronics,69,1
407,22,Male,Student,97175,Groceries,377,0
408,39,Male,Engineer,84307,Groceries,747,1
409,46,Male,Lawyer,66733,Books,925,1
410,20,Female,Engineer,148202,Electronics,947,1
411,29,Male,Artist,115028,Books,583,1
412,43,Female,Artist,162312,Groceries,802,0
413,33,Female,Artist,112493,Books,504,1
414,54,Male,Teacher,145149,Home,103,1
415,39,Male,Teacher,183834,Books,918,1
416,46,Male,Student,28259,Sports,824,0
417,31,Female,Artist,148775,Books,657,1
418,45,Male,Lawyer,34849,Sports,827,0
419,22,Male,Engineer,101768,Electronics,603,1
420,47,Male,Doctor,126108,Groceries,315,1
421,22,Male,Lawyer,109709,Clothing,255,0
422,29,Male,Teacher,74869,Clothing,75,0
423,33,Female,Teacher,146888,Groceries,938,0
424,43,Female,Lawyer,83095,Clothing,379,1
425,43,Male,Teacher,137886,Books,926,0
426,38,Male,Artist,90910,Electronics,129,0
427,56,Male,Student,43567,Electronics,211,1
428,53,Male,Engineer,55292,Groceries,923,1
429,50,Female,Student,94813,Clothing,112,1
430,47,Male,Engineer,117136,Books,881,1
431,54,Female,Engineer,71631,Electronics,587,0
432,40,Female,Student,29885,Electronics,79,1
433,27,Male,Lawyer,86314,Home,669,1
434,22,Female,Engineer,85087,Home,58,1
435,53,Female,Student,180237,Electronics,559,1
436,51,Female,Engineer,115998,Groceries,68,1
437,48,Female,Doctor,69812,Sports,439,1
438,27,Male,Lawyer,78643,Sports,656,1
439,36,Male,Artist,64900,Books,32,0
440,49,Female,Engineer,194018,Electronics,55,0
441,18,Male,Doctor,158923,Electronics,120,0
442,22,Male,Artist,36288,Electronics,813,0
443,21,Male,Artist,92692,Groceries,105,1
444,33,Male,Engineer,158440,Home,535,0
445,41,Male,Student,105436,Electronics,242,1
446,33,Female,Engineer,66403,Electronics,357,0
447,19,Male,Doctor,111170,Clothing,979,0
448,45,Male,Artist,29168,Groceries,185,1
449,49,Male,Engineer,69879,Books,402,0
450,44,Male,Student,79871,Electronics,875,1
451,37,Female,Engineer,52174,Clothing,914,1
452,41,Female,Lawyer,157653,Sports,395,0
453,29,Female,Student,130155,Books,490,0
454,52,Female,Doctor,91853,Electronics,809,1
455,50,Male,Artist,84046,Electronics,661,0
456,50,Female,Engineer,69678,Clothing,50,0
457,54,Male,Student,46649,Groceries,394,0
458,29,Male,Lawyer,147795,Electronics,30,0
459,20,Male,Student,108668,Sports,321,1
460,18,Male,Teacher,165639,Electronics,115,1
461,50,Male,Lawyer,109906,Sports,209,1
462,57,Female,Doctor,116019,Books,472,0
463,27,Female,Artist,98002,Books,211,0
464,46,Female,Doctor,48803,Home,505,1
465,30,Female,Engineer,169302,Home,285,1
466,29,Male,Student,168934,Sports,443,1
467,48,Female,Teacher,194427,Groceries,147,1
468,19,Male,Lawyer,182331,Electronics,257,1
469,52,Female,Lawyer,50795,Electronics,939,1
470,40,Male,Student,28770,Home,374,0
471,34,Male,Teacher,31093,Sports,959,1
472,43,Female,Student,197643,Electronics,131,1
473,25,Male,Engineer,151265,Electronics,847,0
474,46,Male,Doctor,120311,Groceries,465,0
475,43,Female,Lawyer,37569,Clothing,362,1
476,27,Male,Engineer,31190,Home,164,1
477,43,Female,Doctor,82824,Home,84,1
478,51,Female,Engineer,193824,Clothing,266,0
479,58,Female,Teacher,183399,Electronics,754,0
480,24,Male,Lawyer,62070,Groceries,509,1
481,21,Male,Student,60197,Groceries,844,0
482,28,Male,Student,22261,Home,458,1
483,46,Female,Doctor,177584,Groceries,125,0
484,53,Male,Artist,157788,Books,200,1
485,42,Female,Teacher,106795,Clothing,203,1
486,38,Female,Doctor,48933,Electronics,245,1
487,53,Male,Artist,155450,Books,796,1
488,27,Female,Engineer,60583,Clothing,809,1
489,54,Male,Teacher,132082,Sports,928,1
490,26,Male,Engineer,105371,Home,108,0
491,41,Male,Lawyer,180105,Groceries,707,1
492,52,Male,Teacher,175072,Sports,549,0
493,52,Male,Artist,131032,Groceries,390,1
494,53,Female,Lawyer,62604,Books,991,1
495,35,Female,Student,115074,Electronics,955,0
496,56,Female,Artist,93869,Electronics,932,1
497,49,Male,Doctor,25410,Electronics,418,0
498,41,Male,Student,103375,Groceries,125,0
499,40,Male,Student,116055,Sports,290,1
500,49,Female,Doctor,157868,Electronics,994,1
501,54,Male,Teacher,106716,Sports,850,1
502,29,Female,Student,74245,Groceries,522,0
503,30,Female,Artist,63056,Books,698,0
504,40,Male,Lawyer,168781,Sports,544,0
505,42,Male,Student,78557,Books,868,0
506,52,Female,Artist,37543,Groceries,51,1
507,58,Male,Engineer,188490,Groceries,412,1
508,47,Female,Artist,116038,Home,59,1
509,34,Male,Lawyer,167796,Groceries,679,1
510,37,Male,Artist,23828,Groceries,237,0
511,42,Female,Doctor,136656,Clothing,750,1
512,39,Male,Lawyer,37087,Electronics,101,0
513,30,Female,Teacher,163677,Home,864,0
514,36,Male,Engineer,51337,Home,739,1
515,53,Female,Doctor,156554,Home,220,0
516,29,Female,Teacher,85333,Clothing,466,0
517,58,Male,Artist,156535,Books,863,1
518,36,Female,Lawyer,90448,Groceries,447,1
519,29,Male,Engineer,24648,Electronics,57,1
520,26,Male,Doctor,150576,Sports,230,0
521,24,Male,Teacher,53623,Books,463,0
522,45,Female,Teacher,55634,Groceries,346,1
523,31,Female,Engineer,195674,Clothing,780,0
524,48,Male,Artist,134598,Groceries,246,1
525,36,Male,Engineer,69334,Groceries,67,0
526,33,Female,Teacher,88648,Clothing,37,1
527,22,Male,Student,42054,Home,931,0
528,52,Male,Doctor,90028,Home,458,1
529,29,Female,Engineer,42207,Electronics,826,1
530,42,Male,Teacher,101554,Electronics,727,1
531,38,Female,Artist,172458,Home,206,0
532,53,Male,Teacher,103276,Books,364,1
533,40,Female,Artist,72781,Sports,243,1
534,33,Male,Engineer,195271,Groceries,849,1
535,56,Male,Artist,81035,Sports,507,1
536,59,Female,Lawyer,28210,Groceries,928,0
537,56,Male,Lawyer,64363,Home,896,0
538,31,Female,Lawyer,98279,Electronics,868,1
539,48,Male,Student,173504,Books,248,0
540,22,Female,Engineer,154393,Electronics,409,1
541,52,Female,Teacher,101348,Sports,998,1
542,40,Female,Teacher,188455,Electronics,608,1
543,46,Female,Student,133816,Home,207,1
544,28,Male,Artist,143053,Books,877,1
545,35,Male,Student,186892,Sports,289,0
546,29,Female,Artist,86262,Books,626,0
547,26,Female,Artist,154832,Groceries,329,1
548,27,Female,Doctor,173262,Electronics,151,0
549,34,Male,Teacher,87411,Books,570,0
550,55,Male,Lawyer,43377,Clothing,91,1
551,24,Male,Artist,197809,Electronics,812,1
552,30,Male,Doctor,58211,Groceries,864,1
553,57,Female,Teacher,23744,Books,691,0
554,59,Female,Lawyer,44995,Sports,206,0
555,26,Female,Artist,168049,Groceries,505,0
556,44,Male,Artist,54542,Clothing,210,1
557,19,Male,Student,30651,Books,441,1
558,22,Male,Student,119239,Home,139,1
559,46,Female,Teacher,98931,Electronics,239,1
560,54,Female,Lawyer,122112,Sports,72,1
561,55,Male,Artist,36715,Home,753,1
562,36,Female,Teacher,195481,Books,470,0
563,25,Male,Teacher,175378,Books,431,1
564,18,Male,Engineer,170158,Groceries,662,1
565,39,Female,Student,165448,Books,256,1
566,34,Male,Lawyer,81350,Sports,777,1
567,24,Female,Artist,91425,Home,757,1
568,42,Male,Teacher,187708,Sports,739,1
569,21,Female,Artist,106120,Clothing,425,1
570,53,Female,Engineer,134889,Clothing,627,1
571,23,Female,Lawyer,185682,Electronics,441,0
572,48,Male,Teacher,161130,Electronics,731,0
573,36,Male,Artist,94637,Clothing,266,1
574,56,Female,Student,90194,Books,91,1
575,44,Female,Engineer,96917,Sports,849,0
576,27,Male,Lawyer,84200,Clothing,204,1
577,43,Male,Engineer,125848,Electronics,25,0
578,36,Male,Student,126022,Clothing,225,0
579,56,Female,Lawyer,197691,Books,563,1
580,20,Male,Engineer,168226,Clothing,630,0
581,30,Male,Doctor,170611,Sports,925,0
582,45,Female,Student,80058,Home,406,0
583,37,Male,Student,82068,Books,787,1
584,45,Male,Student,119932,Electronics,718,1
585,25,Male,Doctor,181445,Sports,95,1
586,58,Female,Doctor,184226,Clothing,196,1
587,56,Female,Artist,157103,Clothing,846,0
588,18,Female,Teacher,42785,Home,818,1
589,20,Female,Engineer,179741,Electronics,368,0
590,30,Female,Artist,114475,Electronics,274,1
591,45,Female,Engineer,22282,Groceries,856,1
592,42,Female,Teacher,185696,Electronics,721,1
593,50,Male,Doctor,199510,Home,327,0
594,55,Male,Teacher,87534,Groceries,364,1
595,23,Female,Doctor,182777,Groceries,146,0
596,49,Male,Teacher,189316,Clothing,956,0
597,38,Male,Artist,94964,Clothing,306,1
598,33,Female,Lawyer,188509,Electronics,785,0
599,38,Male,Artist,139006,Groceries,744,1
600,28,Male,Engineer,70583,Clothing,781,0
601,54,Male,Artist,58392,Home,615,0
602,53,Male,Student,27461,Clothing,506,1
603,52,Male,Engineer,120123,Books,402,1
604,36,Female,Teacher,30516,Books,425,1
605,37,Female,Engineer,168586,Clothing,407,1
606,35,Female,Lawyer,141251,Groceries,544,1
607,58,Male,Doctor,187340,Groceries,576,0
608,31,Female,Teacher,187860,Sports,658,1
609,32,Male,Engineer,82493,Books,957,1
610,48,Male,Teacher,56027,Home,645,1
611,18,Male,Teacher,113547,Groceries,964,1
612,20,Male,Teacher,193921,Electronics,295,1
613,33,Female,Doctor,120127,Books,519,1
614,40,Female,Artist,168930,Home,736,1
615,28,Male,Teacher,99003,Home,356,0
616,29,Female,Student,59758,Groceries,969,0
617,27,Male,Lawyer,74312,Home,951,1
618,49,Female,Doctor,88670,Groceries,500,0
619,33,Female,Engineer,102279,Clothing,916,1
620,25,Male,Doctor,35434,Books,930,1
621,55,Female,Engineer,198847,Sports,992,1
622,29,Male,Doctor,95769,Clothing,292,0
623,41,Female,Engineer,86677,Books,939,0
624,45,Male,Teacher,103555,Groceries,77,1
625,25,Male,Artist,148379,Books,347,1
626,45,Female,Engineer,196806,Groceries,750,1
627,53,Female,Engineer,121665,Clothing,128,1
628,43,Male,Student,191675,Electronics,298,1
629,25,Female,Engineer,88803,Electronics,705,1
630,45,Female,Student,190404,Books,347,1
631,45,Male,Lawyer,111703,Electronics,795,0
632,54,Male,Teacher,41312,Groceries,334,1
633,58,Female,Student,195251,Home,493,1
634,53,Male,Artist,137961,Groceries,130,1
635,44,Male,Teacher,60379,Home,718,0
636,34,Male,Student,37297,Clothing,800,1
637,26,Female,Teacher,22011,Sports,954,1
638,50,Female,Teacher,140234,Home,248,1
639,37,Male,Teacher,64014,Electronics,516,0
640,30,Female,Lawyer,162810,Groceries,175,1
641,45,Male,Artist,114333,Clothing,492,1
642,46,Female,Doctor,198570,Electronics,720,0
643,30,Male,Doctor,31120,Clothing,291,1
644,52,Male,Student,159839,Sports,906,1
645,23,Female,Teacher,42852,Groceries,21,1
646,35,Male,Student,99239,Books,777,1
647,22,Female,Lawyer,152001,Groceries,741,0
648,42,Female,Lawyer,111575,Sports,530,0
649,19,Male,Engineer,115040,Groceries,932,1
650,27,Male,Lawyer,168510,Books,305,0
651,47,Female,Engineer,199587,Home,890,0
652,22,Male,Artist,25744,Clothing,32,0
653,50,Male,Student,193489,Books,627,0
654,18,Male,Artist,158141,Electronics,517,1
655,35,Male,Lawyer,62359,Sports,752,0
656,49,Male,Artist,170871,Home,257,1
657,28,Female,Artist,118746,Electronics,113,0
658,38,Female,Artist,140906,Electronics,357,1
659,43,Male,Lawyer,27597,Sports,800,0
660,42,Male,Teacher,67093,Home,190,1
661,39,Male,Artist,188298,Electronics,625,1
662,44,Female,Engineer,134650,Electronics,680,0
663,30,Male,Lawyer,177489,Home,643,1
664,50,Female,Artist,169765,Groceries,586,0
665,51,Female,Teacher,140956,Electronics,868,1
666,58,Female,Lawyer,135598,Clothing,955,0
667,52,Male,Doctor,153241,Home,486,1
668,18,Female,Teacher,173124,Electronics,647,0
669,38,Male,Engineer,28036,Sports,162,1
670,23,Female,Artist,51778,Books,220,0
671,45,Male,Doctor,178806,Clothing,199,0
672,34,Female,Doctor,174245,Books,733,1
673,22,Male,Lawyer,181475,Books,383,1
674,48,Female,Doctor,157416,Electronics,498,0
675,22,Male,Engineer,38800,Clothing,584,0
676,55,Male,Engineer,45372,Clothing,490,0
677,20,Male,Student,81516,Groceries,403,0
678,40,Male,Engineer,40538,Books,711,0
679,54,Female,Teacher,83918,Clothing,945,1
680,54,Female,Doctor,166045,Groceries,436,0
681,27,Male,Engineer,91155,Home,844,0
682,27,Female,Lawyer,79500,Groceries,327,1
683,36,Male,Student,187647,Sports,668,1
684,34,Male,Doctor,193333,Electronics,713,0
685,38,Female,Student,130659,Home,386,0
686,31,Male,Doctor,47716,Home,20,1
687,26,Male,Lawyer,154308,Sports,63,0
688,18,Female,Student,166920,Groceries,758,1
689,30,Male,Artist,22352,Electronics,862,0
690,21,Male,Teacher,153004,Groceries,117,1
691,18,Male,Teacher,96449,Clothing,739,0
692,57,Male,Doctor,28556,Groceries,284,1
693,49,Female,Artist,106836,Home,819,1
694,51,Female,Student,156570,Electronics,802,1
695,45,Female,Artist,70098,Groceries,159,0
696,48,Male,Artist,132169,Electronics,500,0
697,25,Male,Student,160641,Electronics,256,0
698,56,Female,Lawyer,146060,Clothing,993,0
699,43,Male,Artist,150544,Clothing,972,0
700,51,Male,Artist,20340,Home,923,1
701,20,Male,Lawyer,195021,Sports,91,1
702,29,Male,Artist,102302,Electronics,686,1
703,18,Female,Artist,20138,Sports,209,1
704,22,Female,Artist,151430,Home,287,1
705,47,Female,Teacher,139619,Electronics,340,0
706,47,Male,Engineer,105376,Electronics,126,1
707,34,Female,Lawyer,119931,Books,251,0
708,40,Female,Artist,181726,Sports,61,1
709,32,Male,Teacher,176951,Groceries,721,1
710,54,Male,Lawyer,101532,Clothing,902,1
711,38,Female,Doctor,75778,Groceries,158,1
712,31,Female,Doctor,57772,Sports,634,0
713,19,Female,Artist,78478,Clothing,702,1
714,28,Female,Teacher,46762,Groceries,882,1
715,56,Male,Teacher,164355,Books,292,1
716,55,Female,Lawyer,190492,Clothing,500,1
717,51,Female,Lawyer,75568,Electronics,435,0
718,55,Male,Teacher,105090,Groceries,525,0
719,51,Female,Lawyer,40219,Clothing,752,0
720,35,Male,Teacher,77169,Books,744,0
721,47,Male,Engineer,94965,Clothing,872,1
722,32,Male,Teacher,197912,Clothing,443,1
723,44,Female,Doctor,195767,Books,426,1
724,51,Female,Lawyer,104754,Groceries,587,1
725,55,Male,Teacher,97988,Home,409,1
726,50,Female,Teacher,170023,Groceries,361,1
727,41,Female,Lawyer,152379,Sports,965,0
728,32,Male,Engineer,100388,Books,633,1
729,47,Male,Engineer,110768,Groceries,952,0
730,59,Female,Lawyer,55428,Clothing,512,0
731,34,Male,Student,112021,Books,211,1
732,22,Female,Lawyer,138418,Electronics,518,0
733,46,Female,Lawyer,190047,Groceries,841,0
734,21,Female,Engineer,152212,Books,731,0
735,27,Female,Engineer,175914,Groceries,252,0
736,34,Male,Lawyer,46421,Books,964,1
737,27,Male,Lawyer,21708,Clothing,246,0
738,34,Male,Lawyer,154702,Electronics,390,0
739,37,Male,Engineer,170667,Electronics,158,1
740,41,Female,Lawyer,96021,Sports,875,1
741,22,Female,Lawyer,179380,Books,836,1
742,51,Male,Artist,64789,Groceries,168,0
743,23,Female,Student,46086,Electronics,134,1
744,19,Female,Doctor,36859,Electronics,469,1
745,30,Female,Student,27684,Home,82,1
746,28,Male,Artist,111088,Home,123,1
747,40,Male,Doctor,152279,Electronics,870,1
748,33,Male,Lawyer,66099,Books,890,0
749,48,Female,Artist,86093,Sports,687,1
750,28,Male,Lawyer,180761,Electronics,292,1
751,33,Male,Engineer,68651,Clothing,25,1
752,25,Male,Teacher,33893,Groceries,166,0
753,21,Male,Artist,86418,Sports,203,0
754,57,Male,Engineer,145074,Clothing,47,0
755,21,Male,Artist,123065,Sports,981,0
756,42,Female,Artist,150351,Clothing,569,0
757,20,Female,Engineer,58635,Groceries,138,1
758,49,Male,Doctor,115071,Groceries,312,1
759,20,Male,Student,98518,Home,390,1
760,44,Female,Lawyer,126233,Books,263,1
761,46,Female,Artist,123651,Clothing,599,1
762,49,Male,Lawyer,92805,Home,745,0
763,36,Male,Teacher,179136,Clothing,237,0
764,38,Male,Engineer,142813,Home,196,0
765,22,Male,Lawyer,99063,Groceries,318,1
766,35,Female,Engineer,22454,Sports,695,1
767,45,Male,Lawyer,40878,Home,77,0
768,59,Male,Student,164063,Clothing,288,1
769,39,Male,Student,88344,Clothing,327,1
770,38,Male,Student,124946,Books,589,1
771,23,Female,Student,56593,Groceries,307,1
772,18,Female,Student,56304,Clothing,996,1
773,22,Female,Student,181458,Electronics,124,0
774,58,Male,Engineer,133613,Sports,247,1
775,29,Male,Artist,172155,Home,266,0
776,43,Female,Lawyer,38354,Books,719,1
777,51,Male,Student,42190,Sports,513,1
778,31,Male,Engineer,26142,Groceries,102,0
779,43,Female,Engineer,179470,Books,205,1
780,44,Female,Engineer,61862,Home,271,1
781,26,Female,Artist,170575,Home,374,0
782,43,Female,Lawyer,145438,Electronics,769,1
783,39,Male,Artist,68456,Groceries,891,0
784,47,Male,Doctor,120167,Books,715,1
785,34,Female,Engineer,102035,Books,815,1
786,43,Male,Doctor,28016,Clothing,916,1
787,53,Female,Teacher,22384,Electronics,957,1
788,18,Female,Student,166144,Electronics,229,1
789,25,Male,Student,122239,Books,835,1
790,52,Female,Artist,131431,Books,827,0
791,32,Male,Lawyer,100018,Sports,628,1
792,39,Male,Doctor,60510,Sports,466,0
793,31,Male,Lawyer,41826,Sports,479,1
794,43,Male,Artist,88026,Electronics,987,0
795,45,Female,Student,141668,Clothing,491,0
796,40,Male,Lawyer,176590,Home,739,1
797,31,Female,Lawyer,44045,Sports,389,0
798,41,Female,Student,110102,Clothing,919,0
799,19,Female,Doctor,71919,Groceries,953,0
800,43,Female,Student,119441,Sports,511,0
801,31,Male,Lawyer,178175,Home,942,0
802,24,Male,Doctor,187260,Groceries,156,0
803,20,Female,Doctor,156917,Groceries,386,1
804,40,Female,Student,187746,Home,931,0
805,35,Male,Lawyer,138325,Sports,203,1
806,55,Female,Artist,39337,Electronics,607,0
807,52,Male,Lawyer,173385,Home,306,1
808,32,Female,Engineer,178015,Home,491,1
809,42,Male,Teacher,97949,Home,394,0
810,54,Female,Artist,20276,Groceries,673,1
811,45,Female,Doctor,71151,Clothing,768,1
812,27,Male,Artist,168683,Electronics,556,1
813,56,Female,Doctor,163016,Sports,530,1
814,34,Female,Doctor,72887,Sports,821,0
815,56,Male,Artist,101442,Clothing,598,1
816,39,Female,Doctor,69847,Home,269,1
817,43,Male,Doctor,78653,Electronics,939,1
818,42,Male,Engineer,76622,Sports,529,0
819,34,Female,Lawyer,47810,Books,649,1
820,30,Female,Lawyer,97842,Sports,92,1
821,37,Female,Teacher,142225,Home,301,0
822,42,Female,Teacher,30503,Books,935,0
823,21,Female,Engineer,104761,Clothing,979,0
824,27,Female,Teacher,188048,Electronics,379,1
825,20,Female,Artist,146439,Clothing,29,1
826,58,Male,Student,31590,Clothing,230,1
827,35,Female,Student,161958,Electronics,854,1
828,53,Male,Student,163938,Electronics,171,1
829,39,Female,Engineer,86624,Sports,24,0
830,51,Female,Engineer,183864,Sports,214,1
831,25,Male,Doctor,160836,Electronics,973,1
832,57,Female,Student,140356,Books,302,1
833,36,Female,Artist,62727,Groceries,483,1
834,59,Male,Teacher,98471,Sports,132,1
835,58,Female,Artist,28068,Groceries,290,1
836,54,Female,Teacher,136923,Books,182,1
837,23,Female,Student,158367,Electronics,479,1
838,43,Male,Student,192232,Books,124,1
839,51,Female,Student,31390,Sports,712,0
840,23,Female,Engineer,126752,Clothing,575,0
841,54,Female,Teacher,171203,Electronics,301,0
842,50,Female,Engineer,114754,Home,706,1
843,39,Male,Engineer,95969,Groceries,181,0
844,38,Male,Lawyer,166110,Books,370,0
845,23,Female,Artist,97064,Electronics,453,0
846,23,Female,Artist,41281,Books,871,0
847,21,Male,Doctor,74189,Electronics,159,1
848,47,Male,Engineer,68511,Sports,490,0
849,28,Female,Teacher,142115,Sports,151,1
850,47,Male,Lawyer,28605,Sports,106,1
851,48,Female,Lawyer,120318,Books,707,1
852,41,Male,Artist,152453,Home,202,0
853,26,Male,Engineer,39810,Sports,387,1
854,20,Male,Doctor,175394,Electronics,148,1
855,48,Male,Engineer,61869,Sports,265,1
856,57,Female,Student,52955,Clothing,620,1
857,54,Male,Engineer,81388,Sports,597,0
858,53,Male,Student,30207,Books,689,0
859,41,Female,Student,179292,Home,918,0
860,48,Male,Doctor,42031,Clothing,397,1
861,23,Male,Teacher,100807,Books,168,0
862,19,Female,Artist,91312,Books,871,0
863,37,Male,Engineer,79766,Books,452,1
864,45,Female,Student,163521,Electronics,647,0
865,28,Female,Engineer,109833,Books,745,0
866,21,Female,Teacher,131041,Electronics,488,1
867,32,Female,Artist,136185,Books,465,0
868,23,Male,Teacher,197164,Groceries,500,1
869,47,Female,Artist,30350,Clothing,903,1
870,55,Male,Lawyer,120859,Groceries,313,1
871,19,Male,Artist,88487,Books,784,1
872,32,Male,Doctor,168694,Clothing,162,1
873,28,Male,Teacher,143853,Clothing,269,1
874,25,Male,Student,73117,Home,897,1
875,43,Male,Lawyer,121084,Groceries,967,1
876,22,Male,Doctor,43782,Home,994,1
877,23,Male,Engineer,48454,Clothing,321,1
878,43,Male,Teacher,87904,Electronics,44,1
879,21,Male,Student,149936,Clothing,808,0
880,36,Female,Artist,166664,Home,908,0
881,37,Female,Student,173245,Groceries,909,0
882,50,Female,Engineer,184276,Books,920,1
883,37,Male,Lawyer,186668,Books,89,1
884,29,Female,Lawyer,185396,Groceries,644,1
885,18,Female,Teacher,142258,Books,894,0
886,43,Female,Lawyer,131668,Books,131,1
887,31,Male,Teacher,144184,Home,383,0
888,55,Male,Teacher,181822,Groceries,322,0
889,54,Male,Teacher,36566,Sports,490,1
890,28,Male,Artist,158262,Electronics,983,1
891,53,Female,Doctor,58333,Electronics,110,1
892,30,Female,Teacher,141929,Books,549,1
893,20,Female,Teacher,109571,Electronics,680,0
894,50,Female,Doctor,140263,Groceries,758,1
895,23,Male,Student,152661,Groceries,745,1
896,27,Male,Teacher,45235,Clothing,891,0
897,22,Male,Artist,20159,Clothing,682,1
898,40,Female,Lawyer,163217,Electronics,211,1
899,27,Male,Lawyer,182993,Sports,982,1
900,19,Male,Engineer,124859,Clothing,571,1
901,30,Female,Engineer,167309,Clothing,261,1
902,57,Female,Lawyer,127507,Groceries,157,0
903,19,Male,Lawyer,159316,Sports,364,1
904,37,Male,Artist,34743,Books,199,0
905,18,Male,Doctor,66101,Electronics,731,0
906,54,Male,Engineer,141534,Clothing,522,0
907,26,Male,Doctor,104227,Sports,222,1
908,34,Male,Artist,91126,Sports,592,1
909,26,Female,Lawyer,76071,Electronics,211,0
910,28,Female,Teacher,94763,Sports,24,1
911,32,Female,Doctor,163309,Sports,909,1
912,41,Male,Lawyer,166721,Sports,256,0
913,55,Female,Lawyer,188785,Clothing,712,0
914,52,Male,Student,196481,Electronics,330,1
915,47,Male,Doctor,199838,Sports,568,0
916,48,Female,Teacher,66154,Sports,75,1
917,22,Male,Doctor,27016,Clothing,462,0
918,31,Male,Lawyer,199760,Electronics,256,1
919,28,Female,Teacher,109678,Groceries,889,1
920,26,Female,Artist,132056,Clothing,880,1
921,51,Female,Student,74238,Electronics,216,1
922,29,Male,Lawyer,78608,Sports,604,1
923,52,Female,Engineer,109081,Electronics,590,1
924,52,Female,Engineer,182969,Electronics,771,1
925,18,Male,Student,70961,Books,533,0
926,57,Female,Artist,195829,Electronics,468,1
927,39,Female,Lawyer,46917,Groceries,379,0
928,46,Female,Doctor,173808,Electronics,719,1
929,25,Male,Student,47990,Groceries,838,0
930,28,Male,Artist,82551,Sports,49,1
931,58,Male,Doctor,173512,Groceries,798,0
932,54,Male,Engineer,186277,Sports,127,1
933,31,Female,Engineer,100811,Sports,863,1
934,47,Male,Doctor,75103,Groceries,954,1
935,52,Male,Student,192699,Clothing,621,1
936,38,Female,Engineer,126122,Home,736,0
937,54,Female,Lawyer,39008,Electronics,910,1
938,22,Female,Teacher,52402,Books,987,1
939,36,Male,Doctor,156865,Home,978,0
940,31,Male,Doctor,156643,Electronics,979,1
941,43,Male,Engineer,167281,Electronics,464,0
942,21,Female,Student,133550,Sports,912,0
943,42,Female,Lawyer,194220,Electronics,457,1
944,59,Male,Student,111218,Books,751,0
945,42,Female,Artist,153296,Electronics,909,1
946,35,Female,Artist,199767,Groceries,625,1
947,57,Female,Teacher,140779,Home,476,0
948,25,Male,Engineer,149714,Groceries,634,1
949,56,Female,Engineer,52441,Books,754,0
950,57,Female,Engineer,190201,Electronics,717,1
951,31,Male,Teacher,82368,Books,715,0
952,49,Male,Artist,112122,Sports,514,0
953,55,Female,Student,64760,Groceries,693,1
954,50,Female,Teacher,43478,Groceries,266,1
955,40,Male,Teacher,147881,Clothing,562,1
956,32,Male,Student,91854,Electronics,583,1
957,50,Female,Engineer,114230,Sports,876,1
958,42,Female,Lawyer,105716,Groceries,607,1
959,34,Female,Student,163252,Groceries,916,1
960,50,Female,Artist,118538,Sports,458,0
961,19,Male,Doctor,35372,Books,297,1
962,31,Female,Doctor,49796,Books,571,1
963,57,Female,Teacher,118826,Electronics,632,0
964,57,Male,Doctor,140592,Clothing,130,1
965,56,Female,Lawyer,113635,Groceries,404,1
966,23,Male,Engineer,131022,Clothing,852,1
967,23,Female,Artist,74040,Books,780,1
968,20,Female,Lawyer,95357,Books,210,0
969,24,Male,Artist,98356,Home,509,0
970,25,Male,Artist,36211,Electronics,713,0
971,59,Female,Engineer,125426,Home,445,1
972,32,Female,Teacher,25842,Home,424,0
973,46,Female,Doctor,86852,Home,354,1
974,50,Male,Engineer,145737,Electronics,228,0
975,47,Female,Lawyer,65968,Electronics,41,0
976,56,Male,Teacher,37508,Sports,697,1
977,44,Male,Lawyer,173077,Clothing,630,1
978,53,Female,Teacher,74575,Clothing,227,0
979,46,Male,Lawyer,170043,Sports,27,1
980,55,Female,Engineer,176671,Sports,721,1
981,50,Female,Teacher,86914,Books,706,0
982,54,Female,Teacher,87055,Home,804,0
983,44,Female,Artist,107697,Sports,548,1
984,50,Female,Artist,126239,Groceries,621,1
985,21,Male,Student,143106,Clothing,672,0
986,39,Male,Lawyer,25355,Sports,676,1
987,19,Female,Artist,74120,Groceries,185,1
988,27,Female,Student,58342,Groceries,868,1
989,22,Male,Artist,22257,Groceries,515,1
990,27,Male,Lawyer,47364,Books,609,1
991,50,Male,Teacher,176044,Books,448,1
992,55,Male,Doctor,131715,Groceries,793,1
993,30,Female,Lawyer,46654,Books,182,1
994,48,Female,Engineer,101423,Home,385,1
995,53,Male,Artist,49320,Groceries,545,1
996,41,Female,Artist,40808,Home,258,0
997,32,Male,Teacher,72389,Home,91,1
998,46,Female,Engineer,138581,Groceries,464,1
999,25,Male,Teacher,147927,Clothing,674,1
1000,22,Female,Engineer,54773,Groceries,841,1
